{"Version":1,"ManifestType":"Publish","Endpoints":[{"Route":"EstudiantesBlazorProyecto.k6rqd8f8yq.styles.css","AssetFile":"EstudiantesBlazorProyecto.styles.css","Selectors":[],"ResponseHeaders":[{"Name":"Accept-Ranges","Value":"bytes"},{"Name":"Cache-Control","Value":"max-age=31536000, immutable"},{"Name":"Content-Length","Value":"17773"},{"Name":"Content-Type","Value":"text/css"},{"Name":"ETag","Value":"\"HEkzZNWbNT92DApnbaVwmENQ8O4gLGTjLsTWZNRm1q8=\""},{"Name":"Last-Modified","Value":"Sun, 22 Jun 2025 09:23:55 GMT"},{"Name":"Link","Value":"<_content/Microsoft.AspNetCore.Components.QuickGrid/Microsoft.AspNetCore.Components.QuickGrid.bundle.scp.css>; rel=\"preload\"; as=\"style\""}],"EndpointProperties":[{"Name":"fingerprint","Value":"k6rqd8f8yq"},{"Name":"integrity","Value":"sha256-HEkzZNWbNT92DApnbaVwmENQ8O4gLGTjLsTWZNRm1q8="},{"Name":"label","Value":"EstudiantesBlazorProyecto.styles.css"}]},{"Route":"EstudiantesBlazorProyecto.styles.css","AssetFile":"EstudiantesBlazorProyecto.styles.css","Selectors":[],"ResponseHeaders":[{"Name":"Accept-Ranges","Value":"bytes"},{"Name":"Cache-Control","Value":"no-cache"},{"Name":"Content-Length","Value":"17773"},{"Name":"Content-Type","Value":"text/css"},{"Name":"ETag","Value":"\"HEkzZNWbNT92DApnbaVwmENQ8O4gLGTjLsTWZNRm1q8=\""},{"Name":"Last-Modified","Value":"Sun, 22 Jun 2025 09:23:55 GMT"},{"Name":"Link","Value":"<_content/Microsoft.AspNetCore.Components.QuickGrid/Microsoft.AspNetCore.Components.QuickGrid.bundle.scp.css>; rel=\"preload\"; as=\"style\""}],"EndpointProperties":[{"Name":"integrity","Value":"sha256-HEkzZNWbNT92DApnbaVwmENQ8O4gLGTjLsTWZNRm1q8="}]},{"Route":"_content/Microsoft.AspNetCore.Components.QuickGrid/Microsoft.AspNetCore.Components.QuickGrid.bundle.scp.css","AssetFile":"_content/Microsoft.AspNetCore.Components.QuickGrid/Microsoft.AspNetCore.Components.QuickGrid.bundle.scp.css","Selectors":[],"ResponseHeaders":[{"Name":"Accept-Ranges","Value":"bytes"},{"Name":"Cache-Control","Value":"no-cache"},{"Name":"Content-Length","Value":"8251"},{"Name":"Content-Type","Value":"text/css"},{"Name":"ETag","Value":"\"Nuu0BHvGBlwN6c5FSVjV9yxX0YPfwg3ufdOucRJCOz0=\""},{"Name":"Last-Modified","Value":"Wed, 01 Nov 2023 01:07:48 GMT"}],"EndpointProperties":[{"Name":"integrity","Value":"sha256-Nuu0BHvGBlwN6c5FSVjV9yxX0YPfwg3ufdOucRJCOz0="}]},{"Route":"_content/Microsoft.AspNetCore.Components.QuickGrid/QuickGrid.razor.js","AssetFile":"_content/Microsoft.AspNetCore.Components.QuickGrid/QuickGrid.razor.js","Selectors":[],"ResponseHeaders":[{"Name":"Accept-Ranges","Value":"bytes"},{"Name":"Cache-Control","Value":"no-cache"},{"Name":"Content-Length","Value":"2563"},{"Name":"Content-Type","Value":"text/javascript"},{"Name":"ETag","Value":"\"tnamWuQ2F5I2J8hbtBt4/9i8Mb2y2o+9Tepj5tUrSdU=\""},{"Name":"Last-Modified","Value":"Wed, 01 Nov 2023 00:50:02 GMT"}],"EndpointProperties":[{"Name":"integrity","Value":"sha256-tnamWuQ2F5I2J8hbtBt4/9i8Mb2y2o+9Tepj5tUrSdU="}]},{"Route":"app.css","AssetFile":"app.css","Selectors":[],"ResponseHeaders":[{"Name":"Accept-Ranges","Value":"bytes"},{"Name":"Cache-Control","Value":"no-cache"},{"Name":"Content-Length","Value":"2593"},{"Name":"Content-Type","Value":"text/css"},{"Name":"ETag","Value":"\"m8UOxxkQhxJgVABpUmWvs0LqlO17BOTHa+6aEd5YxrU=\""},{"Name":"Last-Modified","Value":"Sun, 22 Jun 2025 07:18:23 GMT"}],"EndpointProperties":[{"Name":"integrity","Value":"sha256-m8UOxxkQhxJgVABpUmWvs0LqlO17BOTHa+6aEd5YxrU="}]},{"Route":"app.rgkgqcvs7k.css","AssetFile":"app.css","Selectors":[],"ResponseHeaders":[{"Name":"Accept-Ranges","Value":"bytes"},{"Name":"Cache-Control","Value":"max-age=31536000, immutable"},{"Name":"Content-Length","Value":"2593"},{"Name":"Content-Type","Value":"text/css"},{"Name":"ETag","Value":"\"m8UOxxkQhxJgVABpUmWvs0LqlO17BOTHa+6aEd5YxrU=\""},{"Name":"Last-Modified","Value":"Sun, 22 Jun 2025 07:18:23 GMT"}],"EndpointProperties":[{"Name":"fingerprint","Value":"rgkgqcvs7k"},{"Name":"integrity","Value":"sha256-m8UOxxkQhxJgVABpUmWvs0LqlO17BOTHa+6aEd5YxrU="},{"Name":"label","Value":"app.css"}]},{"Route":"bootstrap/bootstrap.min.bpk8xqwxhs.css","AssetFile":"bootstrap/bootstrap.min.css","Selectors":[],"ResponseHeaders":[{"Name":"Accept-Ranges","Value":"bytes"},{"Name":"Cache-Control","Value":"max-age=31536000, immutable"},{"Name":"Content-Length","Value":"162720"},{"Name":"Content-Type","Value":"text/css"},{"Name":"ETag","Value":"\"z8OR40MowJ8GgK6P89Y+hiJK5+cclzFHzLhFQLL92bg=\""},{"Name":"Last-Modified","Value":"Thu, 19 Jun 2025 23:48:32 GMT"}],"EndpointProperties":[{"Name":"fingerprint","Value":"bpk8xqwxhs"},{"Name":"integrity","Value":"sha256-z8OR40MowJ8GgK6P89Y+hiJK5+cclzFHzLhFQLL92bg="},{"Name":"label","Value":"bootstrap/bootstrap.min.css"}]},{"Route":"bootstrap/bootstrap.min.css","AssetFile":"bootstrap/bootstrap.min.css","Selectors":[],"ResponseHeaders":[{"Name":"Accept-Ranges","Value":"bytes"},{"Name":"Cache-Control","Value":"no-cache"},{"Name":"Content-Length","Value":"162720"},{"Name":"Content-Type","Value":"text/css"},{"Name":"ETag","Value":"\"z8OR40MowJ8GgK6P89Y+hiJK5+cclzFHzLhFQLL92bg=\""},{"Name":"Last-Modified","Value":"Thu, 19 Jun 2025 23:48:32 GMT"}],"EndpointProperties":[{"Name":"integrity","Value":"sha256-z8OR40MowJ8GgK6P89Y+hiJK5+cclzFHzLhFQLL92bg="}]},{"Route":"bootstrap/bootstrap.min.css.8inm30yfxf.map","AssetFile":"bootstrap/bootstrap.min.css.map","Selectors":[],"ResponseHeaders":[{"Name":"Accept-Ranges","Value":"bytes"},{"Name":"Cache-Control","Value":"max-age=31536000, immutable"},{"Name":"Content-Length","Value":"449111"},{"Name":"Content-Type","Value":"text/plain"},{"Name":"ETag","Value":"\"gBwg2tmA0Ci2u54gMF1jNCVku6vznarkLS6D76htNNQ=\""},{"Name":"Last-Modified","Value":"Thu, 19 Jun 2025 23:48:32 GMT"}],"EndpointProperties":[{"Name":"fingerprint","Value":"8inm30yfxf"},{"Name":"integrity","Value":"sha256-gBwg2tmA0Ci2u54gMF1jNCVku6vznarkLS6D76htNNQ="},{"Name":"label","Value":"bootstrap/bootstrap.min.css.map"}]},{"Route":"bootstrap/bootstrap.min.css.map","AssetFile":"bootstrap/bootstrap.min.css.map","Selectors":[],"ResponseHeaders":[{"Name":"Accept-Ranges","Value":"bytes"},{"Name":"Cache-Control","Value":"no-cache"},{"Name":"Content-Length","Value":"449111"},{"Name":"Content-Type","Value":"text/plain"},{"Name":"ETag","Value":"\"gBwg2tmA0Ci2u54gMF1jNCVku6vznarkLS6D76htNNQ=\""},{"Name":"Last-Modified","Value":"Thu, 19 Jun 2025 23:48:32 GMT"}],"EndpointProperties":[{"Name":"integrity","Value":"sha256-gBwg2tmA0Ci2u54gMF1jNCVku6vznarkLS6D76htNNQ="}]},{"Route":"favicon.ifv42okdf2.png","AssetFile":"favicon.png","Selectors":[],"ResponseHeaders":[{"Name":"Accept-Ranges","Value":"bytes"},{"Name":"Cache-Control","Value":"max-age=31536000, immutable"},{"Name":"Content-Length","Value":"1148"},{"Name":"Content-Type","Value":"image/png"},{"Name":"ETag","Value":"\"4mWsDy3aHl36ZbGt8zByK7Pvd4kRUoNgTYzRnwmPHwg=\""},{"Name":"Last-Modified","Value":"Thu, 19 Jun 2025 23:48:32 GMT"}],"EndpointProperties":[{"Name":"fingerprint","Value":"ifv42okdf2"},{"Name":"integrity","Value":"sha256-4mWsDy3aHl36ZbGt8zByK7Pvd4kRUoNgTYzRnwmPHwg="},{"Name":"label","Value":"favicon.png"}]},{"Route":"favicon.png","AssetFile":"favicon.png","Selectors":[],"ResponseHeaders":[{"Name":"Accept-Ranges","Value":"bytes"},{"Name":"Cache-Control","Value":"no-cache"},{"Name":"Content-Length","Value":"1148"},{"Name":"Content-Type","Value":"image/png"},{"Name":"ETag","Value":"\"4mWsDy3aHl36ZbGt8zByK7Pvd4kRUoNgTYzRnwmPHwg=\""},{"Name":"Last-Modified","Value":"Thu, 19 Jun 2025 23:48:32 GMT"}],"EndpointProperties":[{"Name":"integrity","Value":"sha256-4mWsDy3aHl36ZbGt8zByK7Pvd4kRUoNgTYzRnwmPHwg="}]}]}